{"grad_per_step": 8.096, "_timestamp": 1712185578.4802508, "_runtime": 20.3228178024292, "_step": 1000, "grad_var/fc_input.1.weight": 0.0005277094896882772, "params_var/fc_input.1.weight": 0.0013679579133167863, "grad_var/fc_input.1.bias": 0.0005735050654038787, "params_var/fc_input.1.bias": 0.0002533655788283795, "grad_var/fc_out.0.weight": 0.03532228246331215, "params_var/fc_out.0.weight": 0.09545312076807022, "grad_var/fc_out.0.bias": 0.0017861871747300029, "params_var/fc_out.0.bias": 0.05145081505179405, "train/loss": 0.3026389181613922, "train/accuracy": 1.0, "eval/loss": 0.4888878303527832, "eval/accuracy": 0.8508, "exec_time": 13.993766784667969, "best/accuracy": 0.8736, "best/loss": 0.4522426733493805, "_wandb": {"runtime": 18}}