{"grad_var/fc_input.1.weight": 6.371911678848541e-12, "_timestamp": 1712114457.880951, "params_var/fc_input.1.weight": 0.16607610881328583, "grad_var/fc_input.1.bias": 1.0098036989925063e-11, "params_var/fc_input.1.bias": 0.009050961583852768, "grad_var/fc_out.0.weight": 2.323544467941474e-09, "params_var/fc_out.0.weight": 151.07789611816406, "grad_var/fc_out.0.bias": 0.0003247637941967696, "params_var/fc_out.0.bias": 0.036937810480594635, "train/loss": 243.04461669921875, "train/accuracy": 0.09375, "_runtime": 15.492882013320923, "_step": 100, "eval/loss": 467.7516984375, "eval/accuracy": 0.1418, "_wandb": {"runtime": 14}}