{"grad_var/fc_input.1.weight": 3.5321594623383135e-05, "_timestamp": 1712179840.316897, "params_var/fc_input.1.weight": 0.0010458537144586444, "grad_var/fc_input.1.bias": 0.0006207432015798986, "params_var/fc_input.1.bias": 0.0003036566195078194, "grad_var/fc_out.0.weight": 0.017089009284973145, "params_var/fc_out.0.weight": 0.07770135998725891, "grad_var/fc_out.0.bias": 0.0003108716628048569, "params_var/fc_out.0.bias": 0.057403869926929474, "train/loss": 0.8424711227416992, "train/accuracy": 0.5, "_runtime": 12.45960783958435, "_step": 501, "eval/loss": 0.7323304520606995, "eval/accuracy": 0.776, "_wandb": {"runtime": 87}}