{"grad_per_step": 2.8533333333333335, "_timestamp": 1712185381.469087, "_runtime": 23.275463819503784, "_step": 1000, "grad_var/fc_input.1.weight": 0.000292497337795794, "params_var/fc_input.1.weight": 0.0016279489500448108, "grad_var/fc_input.1.bias": 0.0003510272072162479, "params_var/fc_input.1.bias": 0.00027127162320539355, "grad_var/fc_out.0.weight": 0.011383761651813984, "params_var/fc_out.0.weight": 0.10177318751811981, "grad_var/fc_out.0.bias": 0.000432658038334921, "params_var/fc_out.0.bias": 0.04277895763516426, "train/loss": 0.07360447198152542, "train/accuracy": 1.0, "eval/loss": 0.602291985988617, "eval/accuracy": 0.7957, "exec_time": 17.541184902191162, "best/accuracy": 0.7957, "best/loss": 0.602291985988617, "_wandb": {"runtime": 22}}