{"grad_var/fc_input.1.weight": 0.012907339259982109, "_timestamp": 1712180087.138952, "params_var/fc_input.1.weight": 0.0014863129472360015, "grad_var/fc_input.1.bias": 0.015480241738259792, "params_var/fc_input.1.bias": 0.00034356859396211803, "grad_var/fc_out.0.weight": 0.2867467701435089, "params_var/fc_out.0.weight": 0.09059301763772964, "grad_var/fc_out.0.bias": 0.013011598028242588, "params_var/fc_out.0.bias": 0.05627363547682762, "train/loss": 1.1519054174423218, "train/accuracy": 0.5, "_runtime": 19.55382490158081, "_step": 1000, "eval/loss": 0.5087298276901245, "eval/accuracy": 0.8489, "_wandb": {"runtime": 17}}