{"grad_var/fc_input.1.weight": 0.001817449927330017, "_timestamp": 1712109669.005622, "params_var/fc_input.1.weight": 0.001450205221772194, "grad_var/fc_input.1.bias": 0.0023339923936873674, "params_var/fc_input.1.bias": 0.0002880397951230407, "grad_var/fc_out.0.weight": 0.06266433000564575, "params_var/fc_out.0.weight": 0.08914872258901596, "grad_var/fc_out.0.bias": 0.0051498073153197765, "params_var/fc_out.0.bias": 0.047400280833244324, "train/loss": 0.2696741819381714, "train/accuracy": 1.0, "_runtime": 157.42369389533997, "_step": 1000, "eval/loss": 0.5116304886983708, "eval/accuracy": 0.8421, "_wandb": {"runtime": 156}}