{"grad_var/fc_input.1.weight": 5.096185759612126e-06, "_timestamp": 1712180183.495556, "params_var/fc_input.1.weight": 0.001262788544408977, "grad_var/fc_input.1.bias": 4.207266101730056e-06, "params_var/fc_input.1.bias": 0.00030494850943796337, "grad_var/fc_out.0.weight": 0.0002291336131747812, "params_var/fc_out.0.weight": 0.09997696429491043, "grad_var/fc_out.0.bias": 9.224216228176374e-06, "params_var/fc_out.0.bias": 0.05925603210926056, "train/loss": 0.18511909246444702, "train/accuracy": 1.0, "_runtime": 19.105711221694946, "_step": 1000, "eval/loss": 0.43092147607803344, "eval/accuracy": 0.8832, "_wandb": {"runtime": 17}}