{"grad_var/fc_input.1.weight": 0.00016974276513792574, "_timestamp": 1712179769.532873, "params_var/fc_input.1.weight": 0.0005106203025206923, "grad_var/fc_input.1.bias": 0.00010103487875312567, "params_var/fc_input.1.bias": 0.0002593355602584779, "grad_var/fc_out.0.weight": 0.0071821557357907295, "params_var/fc_out.0.weight": 0.036075375974178314, "grad_var/fc_out.0.bias": 0.0005460000829771161, "params_var/fc_out.0.bias": 0.05465330556035042, "train/loss": 1.23368501663208, "train/accuracy": 0.5, "_runtime": 9.705590009689331, "_step": 113, "eval/loss": 1.693995288848877, "eval/accuracy": 0.5092, "_wandb": {"runtime": 10}}