{"grad_var/fc_input.1.weight": 0.013767103664577007, "_timestamp": 1712180110.07232, "params_var/fc_input.1.weight": 0.001575929345563054, "grad_var/fc_input.1.bias": 0.017050566151738167, "params_var/fc_input.1.bias": 0.00033525843173265457, "grad_var/fc_out.0.weight": 0.1350468397140503, "params_var/fc_out.0.weight": 0.09321500360965729, "grad_var/fc_out.0.bias": 0.0010368416551500559, "params_var/fc_out.0.bias": 0.06408312171697617, "train/loss": 1.7276333570480347, "train/accuracy": 0.5, "_runtime": 18.45000195503235, "_step": 1000, "eval/loss": 0.5113137249946594, "eval/accuracy": 0.8543, "_wandb": {"runtime": 16}}