{"grad_var/fc_input.1.weight": 0.0004867646493948996, "_timestamp": 1712114559.203587, "params_var/fc_input.1.weight": 0.0004971498274244368, "grad_var/fc_input.1.bias": 0.0005698047461919487, "params_var/fc_input.1.bias": 0.0002856663486454636, "grad_var/fc_out.0.weight": 0.00518350163474679, "params_var/fc_out.0.weight": 0.03563634678721428, "grad_var/fc_out.0.bias": 0.0017736899899318814, "params_var/fc_out.0.bias": 0.04133656620979309, "train/loss": 1.6618962287902832, "train/accuracy": 0.578125, "_runtime": 12.5571870803833, "_step": 100, "eval/loss": 1.5819231914520264, "eval/accuracy": 0.6366, "_wandb": {"runtime": 11}}