{"grad_var/fc_input.1.weight": 2.7707502958662644e-11, "_timestamp": 1712117091.9378638, "params_var/fc_input.1.weight": 0.0021680223289877176, "grad_var/fc_input.1.bias": 6.6151117481710094e-15, "params_var/fc_input.1.bias": 0.0003107330994680524, "grad_var/fc_out.0.weight": 8.97390750034463e-14, "params_var/fc_out.0.weight": 0.04437936842441559, "grad_var/fc_out.0.bias": 0.0003218838828615844, "params_var/fc_out.0.bias": 0.0363154336810112, "train/loss": 3.279151439666748, "train/accuracy": 0.0, "_runtime": 17.5210177898407, "_step": 100, "eval/loss": 7.897311167907715, "eval/accuracy": 0.137, "_wandb": {"runtime": 16}}