{"grad_per_step": 4.56, "_timestamp": 1712185350.7117262, "_runtime": 20.478597164154053, "_step": 1000, "grad_var/fc_input.1.weight": 0.00012569197861012071, "params_var/fc_input.1.weight": 0.001484945067204535, "grad_var/fc_input.1.bias": 0.00016555232286918908, "params_var/fc_input.1.bias": 0.00031969023984856904, "grad_var/fc_out.0.weight": 0.0021658537443727255, "params_var/fc_out.0.weight": 0.11304619163274765, "grad_var/fc_out.0.bias": 3.588688559830189e-05, "params_var/fc_out.0.bias": 0.058277323842048645, "train/loss": 1.469132423400879, "train/accuracy": 0.5, "eval/loss": 0.6655259864807129, "eval/accuracy": 0.7839, "exec_time": 14.0714750289917, "best/accuracy": 0.7882, "best/loss": 0.6594919814109802, "_wandb": {"runtime": 19}}