{"grad_var/fc_input.1.weight": 1.2195528142910916e-06, "_timestamp": 1712177886.0923579, "params_var/fc_input.1.weight": 0.0012742197141051292, "grad_var/fc_input.1.bias": 2.0872258588156e-08, "params_var/fc_input.1.bias": 0.00026000774232670665, "grad_var/fc_out.0.weight": 5.441786561277695e-05, "params_var/fc_out.0.weight": 0.10021939873695374, "grad_var/fc_out.0.bias": 2.2330726778818644e-07, "params_var/fc_out.0.bias": 0.04499482363462448, "train/loss": 0.47116756439208984, "train/accuracy": 0.869140625, "_runtime": 100.17572689056396, "_step": 1000, "eval/loss": 0.406646150636673, "eval/accuracy": 0.8857, "_wandb": {"runtime": 97}}