{"grad_var/fc_input.1.weight": 6.286303687375039e-06, "_timestamp": 1712180207.597302, "params_var/fc_input.1.weight": 0.00126354128587991, "grad_var/fc_input.1.bias": 5.810179118270753e-06, "params_var/fc_input.1.bias": 0.0003003845631610602, "grad_var/fc_out.0.weight": 0.0002481804112903774, "params_var/fc_out.0.weight": 0.09815111756324768, "grad_var/fc_out.0.bias": 9.233415767084807e-06, "params_var/fc_out.0.bias": 0.06060756370425224, "train/loss": 0.1860535889863968, "train/accuracy": 1.0, "_runtime": 19.094785928726196, "_step": 1000, "eval/loss": 0.42952836518287657, "eval/accuracy": 0.8834, "_wandb": {"runtime": 17}}