{"grad_var/fc_input.1.weight": 1257.5496826171875, "_timestamp": 1712116380.0831842, "params_var/fc_input.1.weight": 161.6558837890625, "grad_var/fc_input.1.bias": 0.44617247581481934, "params_var/fc_input.1.bias": 0.05732780322432518, "grad_var/fc_out.0.weight": 2044278.25, "params_var/fc_out.0.weight": 264740.53125, "grad_var/fc_out.0.bias": 0.07796946167945862, "params_var/fc_out.0.bias": 0.07506614923477173, "train/loss": 6942770.0, "train/accuracy": 0.109375, "_runtime": 14.808586359024048, "_step": 100, "eval/loss": 4710402.244, "eval/accuracy": 0.1114, "_wandb": {"runtime": 13}}