{"grad_var/fc_input.1.weight": 6.158256383059779e-06, "_timestamp": 1712105697.590079, "params_var/fc_input.1.weight": 0.008374389261007309, "grad_var/fc_input.1.bias": 6.086686425987864e-06, "params_var/fc_input.1.bias": 0.0016472614370286465, "grad_var/fc_out.0.weight": 0.00025937138707377017, "params_var/fc_out.0.weight": 0.06816038489341736, "grad_var/fc_out.0.bias": 3.742471380974166e-05, "params_var/fc_out.0.bias": 9.43884563446045, "train/loss": 0.9941531419754028, "train/accuracy": 0.6767578125, "_runtime": 128.3063521385193, "_step": 1000, "eval/loss": 1.0395213397979737, "eval/accuracy": 0.6581, "_wandb": {"runtime": 126}}