{"grad_var/fc_input.1.weight": 0.005604710895568132, "_timestamp": 1712179990.05977, "params_var/fc_input.1.weight": 0.0017918929224833846, "grad_var/fc_input.1.bias": 0.006022723391652107, "params_var/fc_input.1.bias": 0.0003619312774389982, "grad_var/fc_out.0.weight": 0.8800768852233887, "params_var/fc_out.0.weight": 0.11396411061286926, "grad_var/fc_out.0.bias": 0.004715955816209316, "params_var/fc_out.0.bias": 0.07031115144491196, "train/loss": 2.352229356765747, "train/accuracy": 0.5, "_runtime": 19.4101881980896, "_step": 1000, "eval/loss": 0.7527746954917908, "eval/accuracy": 0.7896, "_wandb": {"runtime": 17}}