{"grad_var/fc_input.1.weight": 0.0, "_timestamp": 1712103678.1495, "params_var/fc_input.1.weight": 0.00042466886225156486, "grad_var/fc_input.1.bias": 0.0, "params_var/fc_input.1.bias": 0.0003159745247103274, "grad_var/fc_out.0.weight": 0.0, "params_var/fc_out.0.weight": 0.030584484338760376, "grad_var/fc_out.0.bias": 0.0, "params_var/fc_out.0.bias": 0.04342968389391899, "train/loss": 2.3472988605499268, "train/accuracy": 0.072265625, "_runtime": 94.81986880302429, "_step": 1000, "eval/loss": 2.337317837524414, "eval/accuracy": 0.0651, "_wandb": {"runtime": 93}}