{"grad_var/fc_input.1.weight": 6.2131519371178e-05, "_timestamp": 1712180134.830323, "params_var/fc_input.1.weight": 0.0012999242171645164, "grad_var/fc_input.1.bias": 7.348910003202036e-05, "params_var/fc_input.1.bias": 0.000309773109620437, "grad_var/fc_out.0.weight": 0.0038001216016709805, "params_var/fc_out.0.weight": 0.09621007740497589, "grad_var/fc_out.0.bias": 0.0001763015316100791, "params_var/fc_out.0.bias": 0.05850744619965553, "train/loss": 0.38370680809020996, "train/accuracy": 1.0, "_runtime": 19.001003980636597, "_step": 1000, "eval/loss": 0.44165398268699646, "eval/accuracy": 0.8807, "_wandb": {"runtime": 17}}