{"grad_var/fc_input.1.weight": 2.205525106546702e-06, "_timestamp": 1712180234.527491, "params_var/fc_input.1.weight": 0.0012612639693543315, "grad_var/fc_input.1.bias": 1.0112958079844248e-06, "params_var/fc_input.1.bias": 0.0003045263874810189, "grad_var/fc_out.0.weight": 8.179622091120109e-05, "params_var/fc_out.0.weight": 0.09992922097444534, "grad_var/fc_out.0.bias": 7.207096928141254e-07, "params_var/fc_out.0.bias": 0.059234946966171265, "train/loss": 0.4513247311115265, "train/accuracy": 0.828125, "_runtime": 21.622241020202637, "_step": 1000, "eval/loss": 0.4226191130638123, "eval/accuracy": 0.8865, "_wandb": {"runtime": 20}}