{"grad_per_step": 3.462857142857143, "_timestamp": 1712185529.136725, "_runtime": 19.539132833480835, "_step": 1000, "grad_var/fc_input.1.weight": 0.001133440062403679, "params_var/fc_input.1.weight": 0.0015743528492748737, "grad_var/fc_input.1.bias": 0.0014878441579639912, "params_var/fc_input.1.bias": 0.0002456634829286486, "grad_var/fc_out.0.weight": 0.03145267069339752, "params_var/fc_out.0.weight": 0.09404407441616058, "grad_var/fc_out.0.bias": 0.0017146043246611953, "params_var/fc_out.0.bias": 0.06288571655750275, "train/loss": 0.18822596967220306, "train/accuracy": 1.0, "eval/loss": 0.4969814321041107, "eval/accuracy": 0.8479, "exec_time": 13.016807079315186, "best/accuracy": 0.8547, "best/loss": 0.4969814321041107, "_wandb": {"runtime": 17}}