{"grad_per_step": 104.96, "_timestamp": 1712185685.764871, "_runtime": 21.775264978408813, "_step": 1000, "grad_var/fc_input.1.weight": 1.916088422149187e-06, "params_var/fc_input.1.weight": 0.0012744151754304767, "grad_var/fc_input.1.bias": 8.019700885597558e-07, "params_var/fc_input.1.bias": 0.0002574699174147099, "grad_var/fc_out.0.weight": 7.765962072880939e-05, "params_var/fc_out.0.weight": 0.10066039860248566, "grad_var/fc_out.0.bias": 1.99890200747177e-06, "params_var/fc_out.0.bias": 0.04454080015420914, "train/loss": 0.2965466380119324, "train/accuracy": 0.9375, "eval/loss": 0.4143358226299286, "eval/accuracy": 0.8849, "exec_time": 15.157549142837524, "best/accuracy": 0.8849, "best/loss": 0.4143358226299286, "_wandb": {"runtime": 20}}