{"grad_var/fc_input.1.weight": 1.4605220712837763e-05, "_timestamp": 1712173316.6615622, "params_var/fc_input.1.weight": 0.0012749566230922937, "grad_var/fc_input.1.bias": 1.3050922461843584e-05, "params_var/fc_input.1.bias": 0.00026054788031615317, "grad_var/fc_out.0.weight": 0.0003387228352949023, "params_var/fc_out.0.weight": 0.10017327964305878, "grad_var/fc_out.0.bias": 1.3018680874665733e-05, "params_var/fc_out.0.bias": 0.044971615076065063, "train/loss": 0.4328010678291321, "train/accuracy": 0.8857421875, "_runtime": 63.198689222335815, "_step": 1000, "eval/loss": 0.4071061059951782, "eval/accuracy": 0.8852, "_wandb": {"runtime": 61}}