{"grad_var/fc_input.1.weight": 0.015701040625572205, "_timestamp": 1712180062.359551, "params_var/fc_input.1.weight": 0.001420534448698163, "grad_var/fc_input.1.bias": 0.01812124066054821, "params_var/fc_input.1.bias": 0.00030329273431561887, "grad_var/fc_out.0.weight": 0.38192546367645264, "params_var/fc_out.0.weight": 0.09799320995807648, "grad_var/fc_out.0.bias": 0.017865000292658806, "params_var/fc_out.0.bias": 0.05160519480705261, "train/loss": 1.544613003730774, "train/accuracy": 0.5, "_runtime": 18.604857921600342, "_step": 1000, "eval/loss": 0.5736275204658509, "eval/accuracy": 0.8212, "_wandb": {"runtime": 16}}