{"grad_var/fc_input.1.weight": 448.18218994140625, "_timestamp": 1712115409.724381, "params_var/fc_input.1.weight": 45.71553421020508, "grad_var/fc_input.1.bias": 503.8369140625, "params_var/fc_input.1.bias": 12.010263442993164, "grad_var/fc_out.0.weight": 772084.875, "params_var/fc_out.0.weight": 99867.1328125, "grad_var/fc_out.0.bias": 0.03754128888249397, "params_var/fc_out.0.bias": 0.06014544889330864, "train/loss": 32914.859375, "train/accuracy": 0.109375, "_runtime": 13.401079893112183, "_step": 100, "eval/loss": 11314.4632625, "eval/accuracy": 0.1185, "_wandb": {"runtime": 11}}