{"grad_var/fc_input.1.weight": 5.4259533499134704e-05, "_timestamp": 1712174984.121995, "params_var/fc_input.1.weight": 0.001746953697875142, "grad_var/fc_input.1.bias": 6.663027306785807e-05, "params_var/fc_input.1.bias": 0.0002781877410598099, "grad_var/fc_out.0.weight": 0.002027019625529647, "params_var/fc_out.0.weight": 0.07528186589479446, "grad_var/fc_out.0.bias": 0.00018874465604312718, "params_var/fc_out.0.bias": 0.04444888234138489, "train/loss": 0.03424646705389023, "train/accuracy": 1.0, "_runtime": 252.71568298339844, "_step": 1000, "eval/loss": 0.8681562434971566, "eval/accuracy": 0.6853, "_wandb": {"runtime": 251}}