{"grad_var/fc_input.1.weight": 3.1660743905065347e-12, "_timestamp": 1712117337.803144, "params_var/fc_input.1.weight": 0.036245450377464294, "grad_var/fc_input.1.bias": 5.2016850028702155e-12, "params_var/fc_input.1.bias": 0.0005462507251650095, "grad_var/fc_out.0.weight": 1.6737330410521167e-09, "params_var/fc_out.0.weight": 9.46729850769043, "grad_var/fc_out.0.bias": 0.00032391707645729184, "params_var/fc_out.0.bias": 0.036997511982917786, "train/loss": 136.8144989013672, "train/accuracy": 0.1669921875, "_runtime": 18.5637788772583, "_step": 100, "eval/loss": 165.61478444824218, "eval/accuracy": 0.1568, "_wandb": {"runtime": 17}}