{"grad_per_step": 3.7066666666666666, "_timestamp": 1712185429.665548, "_runtime": 19.209105968475342, "_step": 1000, "grad_var/fc_input.1.weight": 0.01593618467450142, "params_var/fc_input.1.weight": 0.0015837600221857429, "grad_var/fc_input.1.bias": 0.01894274912774563, "params_var/fc_input.1.bias": 0.0003482783504296094, "grad_var/fc_out.0.weight": 0.4346615672111511, "params_var/fc_out.0.weight": 0.10757014900445938, "grad_var/fc_out.0.bias": 0.013506073504686356, "params_var/fc_out.0.bias": 0.06285186111927032, "train/loss": 1.7681764364242554, "train/accuracy": 0.5, "eval/loss": 0.6302710799217224, "eval/accuracy": 0.7985, "exec_time": 12.803378820419312, "best/accuracy": 0.8286, "best/loss": 0.5423195713043213, "_wandb": {"runtime": 17}}