{"grad_var/fc_input.1.weight": 0.006791573017835617, "_timestamp": 1712180037.702847, "params_var/fc_input.1.weight": 0.0017938154051080346, "grad_var/fc_input.1.bias": 0.005893467925488949, "params_var/fc_input.1.bias": 0.0003266687272116542, "grad_var/fc_out.0.weight": 1.257938265800476, "params_var/fc_out.0.weight": 0.14999625086784363, "grad_var/fc_out.0.bias": 0.026020849123597145, "params_var/fc_out.0.bias": 0.0836682915687561, "train/loss": 1.8608675003051758, "train/accuracy": 0.0, "_runtime": 18.8286030292511, "_step": 1000, "eval/loss": 0.824054723072052, "eval/accuracy": 0.7525, "_wandb": {"runtime": 16}}