{"_wandb": {"runtime": 12}, "grad_var/fc_input.1.weight": 8.62612247467041, "_timestamp": 1712115334.24986, "params_var/fc_input.1.weight": 0.0012305309064686298, "grad_var/fc_input.1.bias": 0.002081400714814663, "params_var/fc_input.1.bias": 0.00031304906588047743, "grad_var/fc_out.0.weight": 17.32977294921875, "params_var/fc_out.0.weight": 0.027891511097550392, "grad_var/fc_out.0.bias": 0.015313738957047462, "params_var/fc_out.0.bias": 0.04353572055697441, "train/loss": 2.2965798377990723, "train/accuracy": 0.09375, "_runtime": 10.446846961975098, "_step": 1}