{"grad_var/fc_input.1.weight": 0.001684558461420238, "_timestamp": 1712180158.9442291, "params_var/fc_input.1.weight": 0.001343765645287931, "grad_var/fc_input.1.bias": 0.0019013836281374097, "params_var/fc_input.1.bias": 0.0003134368162136525, "grad_var/fc_out.0.weight": 0.06755007803440094, "params_var/fc_out.0.weight": 0.09389647096395493, "grad_var/fc_out.0.bias": 0.0031595334876328707, "params_var/fc_out.0.bias": 0.06656648218631744, "train/loss": 0.3212320804595947, "train/accuracy": 1.0, "_runtime": 18.972395181655884, "_step": 1000, "eval/loss": 0.46682280688285827, "eval/accuracy": 0.8655, "_wandb": {"runtime": 16}}