{"grad_per_step": 3.024, "_timestamp": 1712185455.729525, "_runtime": 20.72582197189331, "_step": 1000, "grad_var/fc_input.1.weight": 0.002596968086436391, "params_var/fc_input.1.weight": 0.001964166294783354, "grad_var/fc_input.1.bias": 0.004062912426888943, "params_var/fc_input.1.bias": 0.00041805559885688126, "grad_var/fc_out.0.weight": 0.19390134513378143, "params_var/fc_out.0.weight": 0.15396495163440704, "grad_var/fc_out.0.bias": 0.006350926123559475, "params_var/fc_out.0.bias": 0.03564433753490448, "train/loss": 0.06857932358980179, "train/accuracy": 1.0, "eval/loss": 0.8248711835861207, "eval/accuracy": 0.7307, "exec_time": 13.506696939468384, "best/accuracy": 0.7621, "best/loss": 0.6854210739135742, "_wandb": {"runtime": 19}}