{"grad_per_step": 26.24, "_timestamp": 1712185630.309959, "_runtime": 19.425290822982788, "_step": 1000, "grad_var/fc_input.1.weight": 9.764800779521465e-06, "params_var/fc_input.1.weight": 0.001280670054256916, "grad_var/fc_input.1.bias": 9.490544471191242e-06, "params_var/fc_input.1.bias": 0.0002510087797418237, "grad_var/fc_out.0.weight": 0.0002661055768840015, "params_var/fc_out.0.weight": 0.10001581162214279, "grad_var/fc_out.0.bias": 1.0895603736571502e-05, "params_var/fc_out.0.bias": 0.04579289257526398, "train/loss": 0.19077488780021667, "train/accuracy": 1.0, "eval/loss": 0.4193326193332672, "eval/accuracy": 0.8823, "exec_time": 13.025980949401855, "best/accuracy": 0.8823, "best/loss": 0.4193326193332672, "_wandb": {"runtime": 17}}