{"grad_per_step": 2.512, "_timestamp": 1712185405.8791199, "_runtime": 19.95033288002014, "_step": 1000, "grad_var/fc_input.1.weight": 0.0015929787186905742, "params_var/fc_input.1.weight": 0.0019189907470718026, "grad_var/fc_input.1.bias": 0.002545678522437811, "params_var/fc_input.1.bias": 0.00037250560126267374, "grad_var/fc_out.0.weight": 0.0528830960392952, "params_var/fc_out.0.weight": 0.0940016657114029, "grad_var/fc_out.0.bias": 0.0034334463998675346, "params_var/fc_out.0.bias": 0.04476375877857208, "train/loss": 0.03491181135177612, "train/accuracy": 1.0, "eval/loss": 0.6575405764579773, "eval/accuracy": 0.7804, "exec_time": 13.000499248504639, "best/accuracy": 0.7967, "best/loss": 0.612341803264618, "_wandb": {"runtime": 18}}