{"grad_var/fc_input.1.weight": 0.0, "_timestamp": 1712114058.2793112, "params_var/fc_input.1.weight": 0.1676376760005951, "grad_var/fc_input.1.bias": 0.0, "params_var/fc_input.1.bias": 0.0003057277062907815, "grad_var/fc_out.0.weight": 0.0, "params_var/fc_out.0.weight": 168.25833129882812, "grad_var/fc_out.0.bias": 0.00031638870132155716, "params_var/fc_out.0.bias": 0.036095235496759415, "train/loss": 361.7677001953125, "train/accuracy": 0.0, "_runtime": 28.236208200454712, "_step": 100, "eval/loss": 3387.29095859375, "eval/accuracy": 0.1093, "_wandb": {"runtime": 27}}