{"grad_var/fc_input.1.weight": 3.668928547995165e-05, "_timestamp": 1712109089.4436219, "params_var/fc_input.1.weight": 0.004486217629164457, "grad_var/fc_input.1.bias": 5.5462212912971154e-05, "params_var/fc_input.1.bias": 0.0010297743137925863, "grad_var/fc_out.0.weight": 0.0010451383423060179, "params_var/fc_out.0.weight": 0.04307899996638298, "grad_var/fc_out.0.bias": 0.0006893740501254797, "params_var/fc_out.0.bias": 0.38358187675476074, "train/loss": 1.3431158065795898, "train/accuracy": 0.53125, "_runtime": 27.580371856689453, "_step": 100, "eval/loss": 1.3998028966903686, "eval/accuracy": 0.5015, "_wandb": {"runtime": 25}}