{"grad_var/fc_input.1.weight": 0.0, "_timestamp": 1712114309.967598, "params_var/fc_input.1.weight": 0.1676376760005951, "grad_var/fc_input.1.bias": 0.0, "params_var/fc_input.1.bias": 0.0003057277062907815, "grad_var/fc_out.0.weight": 0.0, "params_var/fc_out.0.weight": 168.25833129882812, "grad_var/fc_out.0.bias": 0.00031638870132155716, "params_var/fc_out.0.bias": 0.036095235496759415, "train/loss": 2615.29638671875, "train/accuracy": 0.0625, "_runtime": 15.037389993667603, "_step": 100, "eval/loss": 3387.29095859375, "eval/accuracy": 0.1093, "_wandb": {"runtime": 14}}