{"grad_var/fc_input.1.weight": 1.4575158139658925e-18, "_timestamp": 1712177380.669219, "params_var/fc_input.1.weight": 0.002168057020753622, "grad_var/fc_input.1.bias": 3.520539554981877e-22, "params_var/fc_input.1.bias": 0.00031073225545696914, "grad_var/fc_out.0.weight": 1.9313148085994825e-13, "params_var/fc_out.0.weight": 0.04437948763370514, "grad_var/fc_out.0.bias": 6.119724275777116e-05, "params_var/fc_out.0.bias": 0.008390804752707481, "train/loss": 8.676464080810547, "train/accuracy": 0.119140625, "_runtime": 84.49352407455444, "_step": 1000, "eval/loss": 7.874104728698731, "eval/accuracy": 0.1319, "_wandb": {"runtime": 83}}