{"grad_var/fc_input.1.weight": 2.5710094178066356e-06, "_timestamp": 1712180261.3355598, "params_var/fc_input.1.weight": 0.0012623777147382498, "grad_var/fc_input.1.bias": 1.5390387488878332e-06, "params_var/fc_input.1.bias": 0.00030908198095858097, "grad_var/fc_out.0.weight": 8.324155351147056e-05, "params_var/fc_out.0.weight": 0.09970280528068542, "grad_var/fc_out.0.bias": 8.627692977825063e-07, "params_var/fc_out.0.bias": 0.061021916568279266, "train/loss": 0.44925662875175476, "train/accuracy": 0.828125, "_runtime": 22.059099912643433, "_step": 1000, "eval/loss": 0.4213728608608246, "eval/accuracy": 0.8866, "_wandb": {"runtime": 20}}