{"grad_per_step": 4.048, "_timestamp": 1712185504.3401651, "_runtime": 20.693997144699097, "_step": 1000, "grad_var/fc_input.1.weight": 0.008523822762072086, "params_var/fc_input.1.weight": 0.0015816434752196074, "grad_var/fc_input.1.bias": 0.009053362533450127, "params_var/fc_input.1.bias": 0.00021216437744442374, "grad_var/fc_out.0.weight": 0.20718103647232056, "params_var/fc_out.0.weight": 0.09098988771438599, "grad_var/fc_out.0.bias": 0.011184532195329666, "params_var/fc_out.0.bias": 0.048741333186626434, "train/loss": 0.4382821023464203, "train/accuracy": 0.5, "eval/loss": 0.6762658527374268, "eval/accuracy": 0.7818, "exec_time": 14.035976886749268, "best/accuracy": 0.8392, "best/loss": 0.5470984916687012, "_wandb": {"runtime": 19}}