{"grad_var/fc_input.1.weight": 2.7707502958662644e-11, "_timestamp": 1712117267.8896608, "params_var/fc_input.1.weight": 0.0021680223289877176, "grad_var/fc_input.1.bias": 6.6151117481710094e-15, "params_var/fc_input.1.bias": 0.0003107330994680524, "grad_var/fc_out.0.weight": 8.97390750034463e-14, "params_var/fc_out.0.weight": 0.04437936842441559, "grad_var/fc_out.0.bias": 0.0003218838828615844, "params_var/fc_out.0.bias": 0.0363154336810112, "train/loss": 7.716876029968262, "train/accuracy": 0.13671875, "_runtime": 19.975170850753784, "_step": 100, "eval/loss": 7.897311167907715, "eval/accuracy": 0.137, "_wandb": {"runtime": 19}}