{"grad_var/fc_input.1.weight": 0.021963628008961678, "_timestamp": 1712179965.909142, "params_var/fc_input.1.weight": 0.0018574341665953398, "grad_var/fc_input.1.bias": 0.02601589262485504, "params_var/fc_input.1.bias": 0.00033416241058148444, "grad_var/fc_out.0.weight": 3.4956657886505127, "params_var/fc_out.0.weight": 0.12325218319892883, "grad_var/fc_out.0.bias": 0.01680631749331951, "params_var/fc_out.0.bias": 0.0594903789460659, "train/loss": 3.246493339538574, "train/accuracy": 0.5, "_runtime": 19.291495084762573, "_step": 1000, "eval/loss": 1.3690856470108033, "eval/accuracy": 0.6104, "_wandb": {"runtime": 17}}