{"grad_var/fc_input.1.weight": 0.0, "_timestamp": 1712113943.4367528, "params_var/fc_input.1.weight": 0.00042466886225156486, "grad_var/fc_input.1.bias": 0.0, "params_var/fc_input.1.bias": 0.0003159745247103274, "grad_var/fc_out.0.weight": 0.0, "params_var/fc_out.0.weight": 0.030584484338760376, "grad_var/fc_out.0.bias": 0.0, "params_var/fc_out.0.bias": 0.04342968389391899, "train/loss": 2.436736583709717, "train/accuracy": 0.0, "_runtime": 13.683160781860352, "_step": 100, "eval/loss": 2.337317837524414, "eval/accuracy": 0.0651, "_wandb": {"runtime": 10}}